organism,seedid,oxygenstat,metabolism,gram,mtype,genes,reactions,metabolites,draftcreator,draftcreated,ncbiid,platform,kingdom,phylum,class,order,family,genus,species,file,kbaseid,id,summary_rank
Abiotrophia defectiva ATCC 49176,Abiotrophia defectiva ATCC 49176 (592010.4),Facultative anaerobe,"Saccharolytic, fermentative or respiratory",Positive,Pathogen,631.0,2428.0,1250.0,Eugen Bauer,07/01/14,592010.0,ModelSEED,Bacteria,Firmicutes,Bacilli,Lactobacillales,Aerococcaceae,Abiotrophia,Abiotrophia defectiva,Abiotrophia.json,,Abiotrophia,genus
Clostridium sticklandii DSM 519,Clostridium sticklandii DSM 519 (499177.3),Obligate anaerobe,"Proteolytic, non-sachharolytic",Positive,,699.0,1270.0,959.0,Laura Kutt,04/18/16,499177.0,ModelSEED,Bacteria,Firmicutes,Clostridia,Clostridiales,Peptostreptococcaceae,Acetoanaerobium,Acetoanaerobium sticklandii,Acetoanaerobium.json,kb|g.1828,Acetoanaerobium,genus
"Anaerobaculum hydrogeniformans OS1, ATCC BAA-1850",Anaerobaculum hydrogeniformans ATCC BAA-1850 (592015.5),Obligate anaerobe,"Saccharolytic, fermentative",Negative,Commensal,670.0,1030.0,825.0,Ines Thiele,06/29/12,649746.0,Kbase,Bacteria,Synergistetes,Synergistia,Synergistales,Synergistaceae,Acetomicrobium,Acetomicrobium hydrogeniformans,Acetomicrobium.json,,Acetomicrobium,genus
,Achromobacter xylosoxidans A8 (762376.5),Aerobe,Respiratory,Negative,,,,,,,,,Bacteria,Proteobacteria,Betaproteobacteria,Burkholderiales,Alcaligenaceae,Achromobacter,Achromobacter xylosoxidans,Achromobacter.json,,Achromobacter,genus
,,Obligate anaerobe,,Negative,,,,,,,,Kbase,Bacteria,Firmicutes,Negativicutes,Acidaminococcales,Acidaminococcaceae,Acidaminococcus,,Acidaminococcus.json,kb|g.2555,Acidaminococcus,genus
,Propionibacterium acidipropionici ATCC 4875 (1171373.8),Facultative anaerobe,"Saccharolytic, fermentative",Positive,,,,,chenry,04/15/16,,Kbase,Bacteria,Actinobacteria,Actinobacteria,Propionibacteriales,Propionibacteriaceae,Acidipropionibacterium,,Acidipropionibacterium.json,,Acidipropionibacterium,genus
,,Aerobe,,Negative,,,,,,,,,Bacteria,Proteobacteria,Gammaproteobacteria,Pseudomonadales,Moraxellaceae,Acinetobacter,,Acinetobacter.json,,Acinetobacter,genus
Actinobacillus pleuropneumoniae L20,Actinobacillus pleuropneumoniae L20 (416269.5),Facultative anaerobe,"Saccharolytic, fermentative",Negative,,772.0,1403.0,1027.0,Laura Kutt,06/02/16,416269.0,Kbase,Bacteria,Proteobacteria,Gammaproteobacteria,Pasteurellales,Pasteurellaceae,Actinobacillus,Actinobacillus pleuropneumoniae,Actinobacillus.json,kb|g.1403,Actinobacillus,genus
,,Facultative anaerobe,"Saccharolytic, fermentative",Positive,,,,,chenry,04/15/16,,,Bacteria,Actinobacteria,Actinobacteria,Actinomycetales,Actinomycetaceae,Actinomyces,,Actinomyces.json,,Actinomyces,genus
Adlercreutzia equolifaciens DSM 19450,,Obligate anaerobe,"Asaccharolytic, nonfermentative",Positive,Commensal,590.0,942.0,813.0,chenry,09/09/14,1384484.0,Kbase,Bacteria,Actinobacteria,Coriobacteriia,Eggerthellales,Eggerthellaceae,Adlercreutzia,Adlercreutzia equolifaciens,Adlercreutzia.json,,Adlercreutzia,genus
Aerococcus viridans ATCC 11563,Aerococcus viridans ATCC 11563 (655812.3),Facultative anaerobe,"Saccharolytic, fermentative",Positive,,667.0,1209.0,941.0,Laura Kutt,04/17/16,655812.0,Kbase,Bacteria,Firmicutes,Bacilli,Lactobacillales,Aerococcaceae,Aerococcus,Aerococcus viridans,Aerococcus.json,kb|g.2789,Aerococcus,genus
,,Facultative anaerobe,,Negative,,,,,Laura Kutt,04/18/16,,Kbase,Bacteria,Proteobacteria,Gammaproteobacteria,Aeromonadales,Aeromonadaceae,Aeromonas,,Aeromonas.json,,Aeromonas,genus
Afipia birgiae 34632,Afipia birgiae 34632 (1197906.5),Obligate aerobe,Respiratory,Negative,,1178.0,1482.0,1113.0,Laura Kutt,04/18/16,1197906.0,Kbase,Bacteria,Proteobacteria,Alphaproteobacteria,Rhizobiales,Bradyrhizobiaceae,Afipia,Afipia birgiae,Afipia.json,kb|g.25402,Afipia,genus
Eubacterium desmolans ATCC 43058,,Obligate anaerobe,,Positive,,591.0,1145.0,955.0,Laura Kutt,04/18/16,1408437.0,Kbase,Bacteria,Firmicutes,Clostridia,Clostridiales,Ruminococcaceae,Agathobaculum,Agathobaculum desmolans,Agathobaculum.json,kb|g.241166,Agathobaculum,genus
Aggregatibacter aphrophilus NJ8700,Aggregatibacter aphrophilus NJ8700 (634176.4),Aerobe,Respiratory,Negative,,730.0,1294.0,998.0,Laura Kutt,04/19/16,634176.0,Kbase,Bacteria,Proteobacteria,Gammaproteobacteria,Pasteurellales,Pasteurellaceae,Aggregatibacter,Aggregatibacter aphrophilus,Aggregatibacter.json,kb|g.2675,Aggregatibacter,genus
Agrobacterium tumefaciens F2,Agrobacterium tumefaciens F2 (1050720.3),Aerobe,Respiratory,Negative,,1290.0,1562.0,1169.0,,,1050720.0,Kbase,Bacteria,Proteobacteria,Alphaproteobacteria,Rhizobiales,Rhizobiaceae,Agrobacterium,Agrobacterium tumefaciens,Agrobacterium.json,kb|g.23531,Agrobacterium,genus
Akkermansia muciniphila ATCC BAA-835,Akkermansia muciniphila ATCC BAA-835 (349741.6),Obligate anaerobe,"Saccharolytic, fermentative",Negative,Commensal,643.0,2274.0,1275.0,Eugen Bauer,08/03/14,349741.0,Kbase,Bacteria,Verrucomicrobia,Verrucomicrobiae,Verrucomicrobiales,Akkermansiaceae,Akkermansia,Akkermansia muciniphila,Akkermansia.json,,Akkermansia,genus
,,Aerobe,Respiratory,Negative,,,,,Laura Kutt,,,Kbase,Bacteria,Proteobacteria,Betaproteobacteria,Burkholderiales,Alcaligenaceae,Alcaligenes,Alcaligenes faecalis,Alcaligenes.json,,Alcaligenes,genus
,,Obligate anaerobe,,Negative,,,,,,,,,Bacteria,Bacteroidetes,Bacteroidia,Bacteroidales,Rikenellaceae,Alistipes,,Alistipes.json,,Alistipes,genus
,,,Respiration or fermentation of carbohydrates and central metabolism intermediates,Positive,,,,,Laura Kutt,04/17/16,,Kbase,Bacteria,Firmicutes,Bacilli,Bacillales,Bacillaceae,Alkalihalobacillus,,Alkalihalobacillus.json,,Alkalihalobacillus,genus
Alloprevotella tannerae ATCC 51259,,Obligate anaerobe,"Saccharolytic, fermentative",Negative,,809.0,893.0,770.0,Laura Kutt,04/17/16,626522.0,Kbase,Bacteria,Bacteroidetes,Bacteroidia,Bacteroidales,Prevotellaceae,Alloprevotella,Alloprevotella tannerae,Alloprevotella.json,kb|g.2651,Alloprevotella,genus
Eubacterium dolichum DSM 3991,Eubacterium dolichum DSM 3991 (428127.7),Obligate anaerobe,"Saccharolytic, fermentative",Positive,Commensal,516.0,1553.0,1046.0,Ines Thiele,09/06/12,428127.0,Kbase,Bacteria,Firmicutes,Erysipelotrichia,Erysipelotrichales,Erysipelotrichaceae,Amedibacillus,Amedibacillus dolichus,Amedibacillus.json,,Amedibacillus,genus
Anaerobiospirillum succiniciproducens DSM 640001,,Anaerobe,Asaccharolytic,Negative,,563.0,1127.0,919.0,Laura Kutt,04/19/16,1120988.0,Kbase,Bacteria,Proteobacteria,Gammaproteobacteria,Aeromonadales,Succinivibrionaceae,Anaerobiospirillum,Anaerobiospirillum succiniciproducens,Anaerobiospirillum.json,kb|g.207031,Anaerobiospirillum,genus
,Eubacterium hallii DSM 3353 (411469.3),Obligate anaerobe,,Positive,Commensal,,,,,,,Kbase,Bacteria,Firmicutes,Clostridia,Clostridiales,Lachnospiraceae,Anaerobutyricum,,Anaerobutyricum.json,,Anaerobutyricum,genus
,,Obligate anaerobe,,Positive,Commensal,,,,,,,Kbase,Bacteria,Firmicutes,Tissierellia,Tissierellales,Peptoniphilaceae,Anaerococcus,,Anaerococcus.json,,Anaerococcus,genus
Anaerofustis stercorihominis DSM 17244,Anaerofustis stercorihominis DSM 17244 (445971.6),Obligate anaerobe,"Saccharolytic, fermentative",Positive,Commensal,587.0,986.0,847.0,Eugen Bauer,08/03/14,445971.0,ModelSEED,Bacteria,Firmicutes,Clostridia,Clostridiales,Eubacteriaceae,Anaerofustis,Anaerofustis stercorihominis,Anaerofustis.json,,Anaerofustis,genus
,,Obligate anaerobe,,Positive,Commensal,,,,,,,,Bacteria,Firmicutes,Clostridia,Clostridiales,Lachnospiraceae,Anaerostipes,,Anaerostipes.json,,Anaerostipes,genus
Anaerotruncus colihominis DSM 17241,Anaerotruncus colihominis DSM 17241 (445972.6),Obligate anaerobe,"Saccharolytic, fermentative",Positive,Commensal,754.0,1090.0,887.0,Ines Thiele,04/20/12,445972.0,Kbase,Bacteria,Firmicutes,Clostridia,Clostridiales,Ruminococcaceae,Anaerotruncus,Anaerotruncus colihominis,Anaerotruncus.json,,Anaerotruncus,genus
Aneurinibacillus aneurinilyticus ATCC 12856,,Aerobe,Saccharolytic,Positive,,1076.0,1510.0,1142.0,Laura Kutt,04/18/16,649747.0,Kbase,Bacteria,Firmicutes,Bacilli,Bacillales,Paenibacillaceae,Aneurinibacillus,Aneurinibacillus aneurinilyticus,Aneurinibacillus.json,kb|g.216026,Aneurinibacillus,genus
Propionibacterium propionicum F0230a,Propionibacterium propionicum F0230a (767029.3),Facultative anaerobe,"Saccharolytic, fermentative",Positive,Opportunistic pathogen,784.0,1313.0,1032.0,chenry,04/15/16,767029.0,ModelSEED,Bacteria,Actinobacteria,Actinobacteria,Propionibacteriales,Propionibacteriaceae,Arachnia,Pseudopropionibacterium propionicum,Arachnia.json,kb|g.27741,Arachnia,genus
Arcanobacterium haemolyticum DSM 20595,Arcanobacterium haemolyticum DSM 20595 (644284.3),Facultative anaerobe,"Saccharolytic, fermentative",Positive,Opportunistic pathogen,510.0,1056.0,847.0,chenry,04/15/16,644284.0,Kbase,Bacteria,Actinobacteria,Actinobacteria,Actinomycetales,Actinomycetaceae,Arcanobacterium,Arcanobacterium haemolyticum,Arcanobacterium.json,kb|g.2746,Arcanobacterium,genus
Arcobacter butzleri RM4018,Arcobacter butzleri RM4018 (367737.4),Microaerophile,"Non-fermentative, asaccharolytic",Negative,,634.0,1081.0,902.0,Laura Kutt,04/18/16,367737.0,Kbase,Bacteria,Proteobacteria,Epsilonproteobacteria,Campylobacterales,Campylobacteraceae,Arcobacter,Arcobacter butzleri,Arcobacter.json,kb|g.1095,Arcobacter,genus
Arthrobacter castelli DSM 16402,,Aerobe,"Asaccharolytic, nonfermentative",Positive,Uncharacterized,1019.0,1428.0,1109.0,chenry,04/15/16,1121019.0,Kbase,Bacteria,Actinobacteria,Actinobacteria,Micrococcales,Micrococcaceae,Arthrobacter,Arthrobacter castelli,Arthrobacter.json,kb|g.207043,Arthrobacter,genus
Escherichia hermannii NBRC 105704,Escherichia hermannii NBRC 105704 (1115512.3),Facultative anaerobe,"Fermentative, respiratory",Negative,Commensal,1264.0,1693.0,1177.0,Laura Kutt,04/18/16,1115512.0,Kbase,Bacteria,Proteobacteria,Gammaproteobacteria,Enterobacterales,Enterobacteriaceae,Atlantibacter,Atlantibacter hermannii,Atlantibacter.json,kb|g.24323,Atlantibacter,genus
Atopobium minutum 10063974,Atopobium minutum 10063974 (997872.3),Obligate anaerobe,"Saccharolytic, fermentative",Positive,Opportunistic pathogen,468.0,1007.0,807.0,chenry,04/15/16,997872.0,Kbase,Bacteria,Actinobacteria,Coriobacteriia,Coriobacteriales,Atopobiaceae,Atopobium,Atopobium minutum,Atopobium.json,kb|g.32451,Atopobium,genus
,,,Respiration or fermentation of carbohydrates and central metabolism intermediates,Positive,,,,,,,,,Bacteria,Firmicutes,Bacilli,Bacillales,Bacillaceae,Bacillus,,Bacillus.json,,Bacillus,genus
,,,"Saccharolytic, fermentative",Negative,Commensal,,,,,,,,Bacteria,Bacteroidetes,Bacteroidia,Bacteroidales,Bacteroidaceae,Bacteroides,,Bacteroides.json,,Bacteroides,genus
Barnesiella intestinihominis YIT 11860,Barnesiella intestinihominis YIT 11860 (742726.3),Obligate anaerobe,"Saccharolytic, fermentative",Negative,Commensal,622.0,2235.0,1282.0,chenry,09/10/14,742726.0,Kbase,Bacteria,Bacteroidetes,Bacteroidia,Bacteroidales,Barnesiellaceae,Barnesiella,Barnesiella intestinihominis,Barnesiella.json,kb|g.27473,Barnesiella,genus
Bartonella quintana Toulouse,Bartonella quintana str. Toulouse (283165.4),Aerobe,"Strictly respiratory, asaccharolytic",Negative,Pathogen,455.0,894.0,753.0,Eugen Bauer,08/03/14,283165.0,Kbase,Bacteria,Proteobacteria,Alphaproteobacteria,Rhizobiales,Bartonellaceae,Bartonella,Bartonella quintana,Bartonella.json,,Bartonella,genus
,,,"Saccharolytic, fermentative",Positive,,,,,,,,,Bacteria,Actinobacteria,Actinobacteria,Bifidobacteriales,Bifidobacteriaceae,Bifidobacterium,,Bifidobacterium.json,,Bifidobacterium,genus
Bilophila wadsworthia 3_1_6,Bilophila wadsworthia 3_1_6 (563192.3),Obligate anaerobe,"Only anaerobic respiration, nonfermentative, asaccharolytic",Negative,Commensal,819.0,1386.0,1081.0,Ines Thiele,06/29/12,563192.0,ModelSEED,Bacteria,Proteobacteria,Deltaproteobacteria,Desulfovibrionales,Desulfovibrionaceae,Bilophila,Bilophila wadsworthia,Bilophila.json,,Bilophila,genus
Blastococcus massiliensis AP3,,Aerobe,Uncharacterized,Positive,Uncharacterized,805.0,1324.0,1048.0,chenry,04/15/16,1211815.0,ModelSEED,Bacteria,Actinobacteria,Actinobacteria,Geodermatophilales,Geodermatophilaceae,Blastococcus,Candidatus Blastococcus massiliensis,Blastococcus.json,kb|g.208017,Blastococcus,genus
,,Obligate anaerobe,,Positive,Commensal,,,,,,,,Bacteria,Firmicutes,Clostridia,Clostridiales,Lachnospiraceae,Blautia,,Blautia.json,,Blautia,genus
Bordetella hinzii OH87 BAL007II,,Aerobe,Respiratory,Negative,,1236.0,1557.0,1157.0,Laura Kutt,04/18/16,1331262.0,Kbase,Bacteria,Proteobacteria,Betaproteobacteria,Burkholderiales,Alcaligenaceae,Bordetella,Bordetella hinzii,Bordetella.json,kb|g.240068,Bordetella,genus
Brachybacterium paraconglomeratum LC44,Brachybacterium paraconglomeratum LC44 (1064537.3),"Aerobe, microaerophile",Saccharolytic,Positive,Commensal,909.0,1413.0,1061.0,chenry,04/15/16,1064537.0,ModelSEED,Bacteria,Actinobacteria,Actinobacteria,Micrococcales,Dermabacteraceae,Brachybacterium,Brachybacterium paraconglomeratum,Brachybacterium.json,kb|g.23654,Brachybacterium,genus
Brachyspira pilosicoli B2904,Brachyspira pilosicoli B2904 (1133568.3),Obligate anaerobe,Saccharolytic,Negative,,725.0,1195.0,949.0,Laura Kutt,04/19/16,1133568.0,ModelSEED,Bacteria,Spirochaetes,Spirochaetia,Brachyspirales,Brachyspiraceae,Brachyspira,Brachyspira pilosicoli,Brachyspira.json,kb|g.24488,Brachyspira,genus
,,Obligate aerobe,Respiratory,Negative,,,,,Laura Kutt,04/18/16,,Kbase,Bacteria,Proteobacteria,Alphaproteobacteria,Rhizobiales,Bradyrhizobiaceae,Bradyrhizobium,,Bradyrhizobium.json,,Bradyrhizobium,genus
,,Aerobe,Saccharolytic,Variable,,,,,Laura Kutt,,,ModelSEED,Bacteria,Firmicutes,Bacilli,Bacillales,Paenibacillaceae,Brevibacillus,,Brevibacillus.json,,Brevibacillus,genus
,,Aerobe,"Respiratory, non fermentative",Positive,,,,,chenry,04/15/16,,ModelSEED,Bacteria,Actinobacteria,Actinobacteria,Micrococcales,Brevibacteriaceae,Brevibacterium,,Brevibacterium.json,,Brevibacterium,genus
,,,Respiratory,Negative,,,,,Laura Kutt,04/18/16,,,Bacteria,Proteobacteria,Alphaproteobacteria,Caulobacterales,Caulobacteraceae,Brevundimonas,,Brevundimonas.json,,Brevundimonas,genus
Brochothrix thermosphacta DSM 20171 = FSL F6-1036,,Facultative anaerobe,"Saccharolytic, fermentative",Positive,,750.0,1361.0,999.0,Laura Kutt,04/18/16,1121126.0,Kbase,Bacteria,Firmicutes,Bacilli,Bacillales,Listeriaceae,Brochothrix,Brochothrix thermosphacta,Brochothrix.json,kb|g.240107,Brochothrix,genus
Ochrobactrum intermedium LMG 3301,Ochrobactrum intermedium LMG 3301 (641118.3),Microaerophilic,"Non-fermentative, asaccharolytic",Negative,,1151.0,1563.0,1165.0,,,641118.0,ModelSEED,Bacteria,Proteobacteria,Alphaproteobacteria,Rhizobiales,Brucellaceae,Brucella,Brucella intermedia,Brucella.json,kb|g.2725,Brucella,genus
Bulleidia extructa W1219,Bulleidia extructa W1219 (679192.3),Obligate anaerobe,"Saccharolytic, fermentative",Positive,,367.0,934.0,742.0,Laura Kutt,04/18/16,679192.0,ModelSEED,Bacteria,Firmicutes,Erysipelotrichia,Erysipelotrichales,Erysipelotrichaceae,Bulleidia,Bulleidia extructa,Bulleidia.json,kb|g.2936,Bulleidia,genus
Burkholderia cepacia GG4,Burkholderia cepacia GG4 (1009846.3),Microaerophile,"Non-fermentative, asaccharolytic",Negative,,1547.0,1785.0,1260.0,Laura Kutt,04/18/16,1009846.0,ModelSEED,Bacteria,Proteobacteria,Betaproteobacteria,Burkholderiales,Burkholderiaceae,Burkholderia,Burkholderia cepacia,Burkholderia.json,kb|g.23290,Burkholderia,genus
Butyricicoccus pullicaecorum 1.2,Butyricicoccus pullicaecorum 1.2 (1203606.4),Facultative anaerobe,"Saccharolytic, respiratory or fermentative",Positive,Probiotic potential,768.0,1915.0,1312.0,Laura Kutt,04/18/16,1203606.0,Kbase,Bacteria,Firmicutes,Clostridia,Clostridiales,Clostridiaceae,Butyricicoccus,Butyricicoccus pullicaecorum,Butyricicoccus.json,kb|g.31101,Butyricicoccus,genus
,Butyricimonas synergistica DSM 23225 (1121129.3),Obligate anaerobe,"Saccharolytic, fermentative",Negative,Commensal,,,,chenry,04/15/16,,Kbase,Bacteria,Bacteroidetes,Bacteroidia,Bacteroidales,Odoribacteraceae,Butyricimonas,,Butyricimonas.json,,Butyricimonas,genus
,,Obligate anaerobe,,Structurally positive but stains negative,Commensal,,,,Ines Thiele,,,Kbase,Bacteria,Firmicutes,Clostridia,Clostridiales,Lachnospiraceae,Butyrivibrio,,Butyrivibrio.json,,Butyrivibrio,genus
Enterococcus saccharolyticus DSM8903,,Facultative anaerobe,"Saccharolytic, fermentative",Positive,Commensal,575.0,1115.0,924.0,Laura Kutt,04/18/16,351627.0,ModelSEED,Bacteria,Firmicutes,Clostridia,Thermoanaerobacterales,Thermoanaerobacterales Family III. Incertae Sedis,Caldicellulosiruptor,Caldicellulosiruptor saccharolyticus,Caldicellulosiruptor.json,kb|g.1031,Caldicellulosiruptor,genus
,,,,Negative,,,,,,,,,Bacteria,Proteobacteria,Epsilonproteobacteria,Campylobacterales,Campylobacteraceae,Campylobacter,,Campylobacter.json,,Campylobacter,genus
Stoquefichus massiliensis AP9,,,,,,787.0,1177.0,951.0,Laura Kutt,04/18/16,1211844.0,Kbase,Bacteria,Firmicutes,Erysipelotrichia,Erysipelotrichales,Erysipelotrichaceae,Candidatus Stoquefichus,Candidatus Stoquefichus massiliensis,Candidatus_Stoquefichus.json,kb|g.208018,Candidatus_Stoquefichus,genus
,,Facultative anaerobe,"Saccharolytic, fermentative",Negative,,,,,chenry,04/15/16,,ModelSEED,Bacteria,Bacteroidetes,Flavobacteriia,Flavobacteriales,Flavobacteriaceae,Capnocytophaga,,Capnocytophaga.json,,Capnocytophaga,genus
Catenibacterium mitsuokai DSM 15897,Catenibacterium mitsuokai DSM 15897 (451640.5),Obligate anaerobe,"Saccharolytic, fermentative",Positive,Commensal,602.0,983.0,830.0,Ines Thiele,04/20/12,451640.0,ModelSEED,Bacteria,Firmicutes,Erysipelotrichia,Erysipelotrichales,Erysipelotrichaceae,Catenibacterium,Catenibacterium mitsuokai,Catenibacterium.json,,Catenibacterium,genus
Cedecea davisae DSM 4568,Cedecea davisae DSM 4568 (566551.4),Aerobe,Respiratory,Negative,,1258.0,2255.0,1525.0,Laura Kutt,04/18/16,566551.0,ModelSEED,Bacteria,Proteobacteria,Gammaproteobacteria,Enterobacterales,Enterobacteriaceae,Cedecea,Cedecea davisae,Cedecea.json,kb|g.32230,Cedecea,genus
Cellulosilyticum lentocellum DSM 5427,,Obligate anaerobe,"Saccharolytic, fermentative",Negative,,778.0,1239.0,948.0,Laura Kutt,04/18/16,642492.0,ModelSEED,Bacteria,Firmicutes,Clostridia,Clostridiales,Lachnospiraceae,Cellulosilyticum,Cellulosilyticum lentocellum,Cellulosilyticum.json,kb|g.2732,Cellulosilyticum,genus
Cellulosimicrobium cellulans J36,,Facultative anaerobe,"Saccharolytic, fermentative",Positive,Opportunistic pathogen,490.0,1278.0,972.0,chenry,04/15/16,935839.0,ModelSEED,Bacteria,Actinobacteria,Actinobacteria,Micrococcales,Promicromonosporaceae,Cellulosimicrobium,Cellulosimicrobium cellulans,Cellulosimicrobium.json,kb|g.216424,Cellulosimicrobium,genus
Cetobacterium somerae ATCC BAA-47401,,Obligate anaerobe,"Saccharolytic, fermentative",Negative,,845.0,1323.0,1029.0,Laura Kutt,04/18/16,1319815.0,ModelSEED,Bacteria,Fusobacteria,Fusobacteriia,Fusobacteriales,Fusobacteriaceae,Cetobacterium,Cetobacterium somerae,Cetobacterium.json,kb|g.209858,Cetobacterium,genus
Serratia fonticola RB-25,,Facultative anaerobe,"Fermentative, respiratory",Negative,,1195.0,1756.0,1216.0,Laura Kutt,04/18/16,1441930.0,Kbase,Bacteria,Proteobacteria,Gammaproteobacteria,Enterobacterales,Yersiniaceae,Chania,Chania multitudinisentens,Chania.json,kb|g.214943,Chania,genus
,,Facultative anaerobe,,Negative,,,,,,,,ModelSEED,Bacteria,Proteobacteria,Gammaproteobacteria,Enterobacterales,Enterobacteriaceae,Citrobacter,,Citrobacter.json,,Citrobacter,genus
Cloacibacillus evryensis DSM 19522,,Obligate anaerobe,"Asaccharolytic, fermentative",Negative,,873.0,1214.0,993.0,Laura Kutt,04/19/16,866499.0,ModelSEED,Bacteria,Synergistetes,Synergistia,Synergistales,Synergistaceae,Cloacibacillus,Cloacibacillus evryensis,Cloacibacillus.json,kb|g.216301,Cloacibacillus,genus
,,Obligate anaerobe,"Proteolytic, few carbohydrates fermented",Positive,Opportunistic pathogen,,,,,,,ModelSEED,Bacteria,Firmicutes,Clostridia,Clostridiales,Peptostreptococcaceae,Clostridioides,Clostridioides difficile,Clostridioides.json,,Clostridioides,genus
,,,,,,,,,,,,,Bacteria,Firmicutes,Clostridia,Clostridiales,Clostridiaceae,Clostridium,,Clostridium.json,,Clostridium,genus
,,Obligate anaerobe,"Saccharolytic, fermentative",Positive,Commensal,,,,,,,ModelSEED,Bacteria,Actinobacteria,Coriobacteriia,Coriobacteriales,Coriobacteriaceae,Collinsella,,Collinsella.json,,Collinsella,genus
Comamonas testosteroni CNB-2,Comamonas testosteroni CNB-2 (688245.4),Facultative anaerobe,Fermentative,Negative,,1164.0,1541.0,1168.0,,,688245.0,ModelSEED,Bacteria,Proteobacteria,Betaproteobacteria,Burkholderiales,Comamonadaceae,Comamonas,Comamonas testosteroni,Comamonas.json,kb|g.2973,Comamonas,genus
,Coprobacillus sp. 29_1 (469596.3),Obligate anaerobe,"Saccharolytic, fermentative",Positive,Commensal,,,,Ines Thiele,,,ModelSEED,Bacteria,Firmicutes,Erysipelotrichia,Erysipelotrichales,Erysipelotrichaceae,Coprobacillus,,Coprobacillus.json,,Coprobacillus,genus
,,Obligate anaerobe,"Saccharolytic, fermentative",Positive,,,,,,,,ModelSEED,Bacteria,Firmicutes,Clostridia,Clostridiales,Lachnospiraceae,Coprococcus,,Coprococcus.json,kb|g.3102,Coprococcus,genus
,,Facultative anaerobe,,Positive,,,,,chenry,04/15/16,,,Bacteria,Actinobacteria,Actinobacteria,Corynebacteriales,Corynebacteriaceae,Corynebacterium,,Corynebacterium.json,,Corynebacterium,genus
Cronobacter sakazakii ATCC BAA-894,Cronobacter sakazakii ATCC BAA-894 (290339.8),Facultative anaerobe,"Fermentative, respiratory",Negative,,1132.0,1685.0,1175.0,Laura Kutt,04/18/16,290339.0,ModelSEED,Bacteria,Proteobacteria,Gammaproteobacteria,Enterobacterales,Enterobacteriaceae,Cronobacter,Cronobacter sakazakii,Cronobacter.json,kb|g.683,Cronobacter,genus
Cryptobacterium curtum DSM 15641,Cryptobacterium curtum DSM 15641 (469378.4),Obligate anaerobe,"Asaccharolytic, nonfermentative",Positive,Commensal,438.0,917.0,777.0,chenry,04/15/16,469378.0,ModelSEED,Bacteria,Actinobacteria,Coriobacteriia,Eggerthellales,Eggerthellaceae,Cryptobacterium,Cryptobacterium curtum,Cryptobacterium.json,kb|g.1643,Cryptobacterium,genus
Curtobacterium flaccumfaciens UCD-AKU,Curtobacterium flaccumfaciens UCD-AKU (1292022.3),Obligate aerobe,Saccharolytic,Positive,,820.0,1319.0,1026.0,chenry,04/15/16,1292022.0,ModelSEED,Bacteria,Actinobacteria,Actinobacteria,Micrococcales,Microbacteriaceae,Curtobacterium,Curtobacterium flaccumfaciens,Curtobacterium.json,kb|g.31863,Curtobacterium,genus
,,Facultative anaerobe,"Saccharolytic, fermentative",Positive,,,,,,,,Kbase,Bacteria,Actinobacteria,Actinobacteria,Propionibacteriales,Propionibacteriaceae,Cutibacterium,,Cutibacterium.json,,Cutibacterium,genus
Bacillus firmus DS1,,Facultative anaerobe,Respiration or fermentation of carbohydrates and central metabolism intermediates,Positive,,1107.0,1566.0,1140.0,Laura Kutt,04/17/16,1307436.0,ModelSEED,Bacteria,Firmicutes,Bacilli,Bacillales,Bacillaceae,Cytobacillus,Cytobacillus firmus,Cytobacillus.json,kb|g.209412,Cytobacillus,genus
Delftia acidovorans SPH-1,Delftia acidovorans SPH-1 (398578.3),Facultative anaerobe,Fermentative,Negative,,1319.0,1692.0,1214.0,Laura Kutt,04/18/16,398578.0,ModelSEED,Bacteria,Proteobacteria,Betaproteobacteria,Burkholderiales,Comamonadaceae,Delftia,Delftia acidovorans,Delftia.json,kb|g.1274,Delftia,genus
Dermacoccus nishinomiyaensis,,Obligate aerobe,"Saccharolytic, respiratory",Positive,,740.0,1338.0,1048.0,chenry,04/15/16,1274.0,Kbase,Bacteria,Actinobacteria,Actinobacteria,Micrococcales,Dermacoccaceae,Dermacoccus,Dermacoccus nishinomiyaensis,Dermacoccus.json,kb|g.244937,Dermacoccus,genus
,,,,Negative,,,,,,,,,Bacteria,Proteobacteria,Deltaproteobacteria,Desulfovibrionales,Desulfovibrionaceae,Desulfovibrio,,Desulfovibrio.json,kb|g.207114,Desulfovibrio,genus
,,Obligate anaerobe,Fermentative,Negative,Commensal,,,,Laura Kutt,04/18/16,,ModelSEED,Bacteria,Firmicutes,Negativicutes,Veillonellales,Veillonellaceae,Dialister,,Dialister.json,,Dialister,genus
Dietzia cinnamea P4,,Obligate aerobe,Saccharolytic,Positive,,764.0,1300.0,1032.0,chenry,04/15/16,910954.0,ModelSEED,Bacteria,Actinobacteria,Actinobacteria,Corynebacteriales,Dietziaceae,Dietzia,Dietzia cinnamea,Dietzia.json,kb|g.28335,Dietzia,genus
,,Obligate anaerobe,"Saccharolytic, fermentative",Positive,,,,,,,,ModelSEED,Bacteria,Firmicutes,Clostridia,Clostridiales,Lachnospiraceae,Dorea,,Dorea.json,kb|g.1356,Dorea,genus
,,Aerobe,"Saccharolytic, fermentative",Negative,,,,,,,,ModelSEED,Bacteria,Bacteroidetes,Cytophagia,Cytophagales,Cytophagaceae,Dyadobacter,,Dyadobacter.json,,Dyadobacter,genus
Dysgonomonas gadei ATCC BAA-286,Dysgonomonas gadei ATCC BAA-286 (742766.3),Facultative anaerobe,"Saccharolytic, fermentative",Negative,,834.0,2280.0,1421.0,chenry,04/15/16,742766.0,ModelSEED,Bacteria,Bacteroidetes,Bacteroidia,Bacteroidales,Dysgonomonadaceae,Dysgonomonas,Dysgonomonas gadei,Dysgonomonas.json,kb|g.3127,Dysgonomonas,genus
,,Facultative anaerobe,"Fermentative or respiratory, comparatively few carbohydrates used",Negative,Opportunistic pathogen,,,,,,,ModelSEED,Bacteria,Proteobacteria,Gammaproteobacteria,Enterobacterales,Hafniaceae,Edwardsiella,Edwardsiella tarda,Edwardsiella.json,,Edwardsiella,genus
,,Nanaerobe,Asaccharolytic,Positive,Commensal,,,,,,,ModelSEED,Bacteria,Actinobacteria,Coriobacteriia,Eggerthellales,Eggerthellaceae,Eggerthella,,Eggerthella.json,kb|g.1738,Eggerthella,genus
Eggerthia catenaformis OT 569 = DSM 20559,Eggerthia catenaformis OT 569 = DSM 20559 (999415.3),Obligate anaerobe,"Saccharolytic, fermentative",Positive,,558.0,1151.0,891.0,Laura Kutt,04/18/16,999415.0,ModelSEED,Bacteria,Firmicutes,Erysipelotrichia,Erysipelotrichales,Erysipelotrichaceae,Eggerthia,Eggerthia catenaformis,Eggerthia.json,kb|g.32469,Eggerthia,genus
Eikenella corrodens ATCC 23834,Eikenella corrodens ATCC 23834 (546274.4),Facultative anaerobe,Non-fermentative,Negative,,587.0,1078.0,896.0,Laura Kutt,04/18/16,546274.0,ModelSEED,Bacteria,Proteobacteria,Betaproteobacteria,Neisseriales,Neisseriaceae,Eikenella,Eikenella corrodens,Eikenella.json,kb|g.2194,Eikenella,genus
,,Facultative anaerobe,,Negative,,,,,,,,,Bacteria,Proteobacteria,Gammaproteobacteria,Enterobacterales,Enterobacteriaceae,Enterobacter,,Enterobacter.json,,Enterobacter,genus
,,Obligate anaerobe,,,,,,,,,,ModelSEED,Bacteria,Firmicutes,Clostridia,Clostridiales,Lachnospiraceae,Enterocloster,,Enterocloster.json,,Enterocloster,genus
,,Facultative anaerobe,"Saccharolytic, fermentative",Positive,,,,,,,,,Bacteria,Firmicutes,Bacilli,Lactobacillales,Enterococcaceae,Enterococcus,,Enterococcus.json,,Enterococcus,genus
,,Obligate anaerobe,"Saccharolytic, fermentative",,,,,,,,,,Bacteria,Firmicutes,Erysipelotrichia,Erysipelotrichales,Erysipelotrichaceae,Erysipelatoclostridium,,Erysipelatoclostridium.json,,Erysipelatoclostridium,genus
,,Facultative anaerobe,,Negative,,,,,,,,Kbase,Bacteria,Proteobacteria,Gammaproteobacteria,Enterobacterales,Enterobacteriaceae,Escherichia,,Escherichia.json,,Escherichia,genus
,,Obligate anaerobe,,Positive,Commensal,,,,,,,Kbase,Bacteria,Firmicutes,Clostridia,Clostridiales,Eubacteriaceae,Eubacterium,,Eubacterium.json,,Eubacterium,genus
Exiguobacterium aurantiacum DSM 6208,,Facultative anaerobe,"Saccharolytic, non-fermentative",Positive,,766.0,1353.0,1044.0,Laura Kutt,04/17/16,1397694.0,Kbase,Bacteria,Firmicutes,Bacilli,Bacillales,unclassified Bacillales family,Exiguobacterium,Exiguobacterium aurantiacum,Exiguobacterium.json,kb|g.241173,Exiguobacterium,genus
,,,"Saccharolytic, fermentative, acetate converted to butyrate",Structurally positive but stains negative,Commensal,,,,,,,Kbase,Bacteria,Firmicutes,Clostridia,Clostridiales,Ruminococcaceae,Faecalibacterium,Faecalibacterium prausnitzii,Faecalibacterium.json,,Faecalibacterium,genus
Streptococcus pleomorphus DSM 20574,,Obligate anaerobe,"Saccharolytic, fermentative",Negative,,583.0,1081.0,901.0,Laura Kutt,04/18/16,1123313.0,Kbase,Bacteria,Firmicutes,Erysipelotrichia,Erysipelotrichales,Erysipelotrichaceae,Faecalicoccus,Faecalicoccus pleomorphus,Faecalicoccus.json,kb|g.207294,Faecalicoccus,genus
Eubacterium cylindroides T2-87,Eubacterium cylindroides T2-87 (717960.3),Obligate anaerobe,"Saccharolytic, fermentative",Positive,Commensal,463.0,994.0,778.0,chenry,09/10/14,717960.0,Kbase,Bacteria,Firmicutes,Erysipelotrichia,Erysipelotrichales,Erysipelotrichaceae,Faecalitalea,Faecalitalea cylindroides,Faecalitalea.json,kb|g.3100,Faecalitalea,genus
Filifactor alocis ATCC 35896,Filifactor alocis ATCC 35896 (546269.3),Obligate anaerobe,,Negative,,439.0,1015.0,814.0,Laura Kutt,04/18/16,546269.0,Kbase,Bacteria,Firmicutes,Clostridia,Clostridiales,Peptostreptococcaceae,Filifactor,Filifactor alocis,Filifactor.json,kb|g.26890,Filifactor,genus
Finegoldia magna ATCC 29328,Finegoldia magna ATCC 29328 (334413.6),Obligate anaerobe,"Asaccharolytic, peptone and amino acid converted to acetate",Positive,,453.0,900.0,730.0,Laura Kutt,04/18/16,334413.0,Kbase,Bacteria,Firmicutes,Tissierellia,Tissierellales,Peptoniphilaceae,Finegoldia,Finegoldia magna,Finegoldia.json,kb|g.927,Finegoldia,genus
Flavonifractor plautii ATCC 29863,,Facultative anaerobe,"Saccharolytic, respiratory or fermentative",Positive,,744.0,1207.0,970.0,Laura Kutt,04/18/16,411475.0,Kbase,Bacteria,Firmicutes,Clostridia,Clostridiales,Ruminococcaceae,Flavonifractor,Flavonifractor plautii,Flavonifractor.json,kb|g.26645,Flavonifractor,genus
,,,,Negative,,,,,,,,,Bacteria,Fusobacteria,Fusobacteriia,Fusobacteriales,Fusobacteriaceae,Fusobacterium,,Fusobacterium.json,,Fusobacterium,genus
,,Facultative anaerobe,"Saccharolytic, fermentative",Positive,,,,,Laura Kutt,,,,Bacteria,Firmicutes,Bacilli,Bacillales,unclassified Bacillales family,Gemella,,Gemella.json,,Gemella,genus
,,Aerobe,"Saccharolytic, non-fermentative",,,,,,,,,Kbase,Bacteria,Firmicutes,Bacilli,Bacillales,Bacillaceae,Geobacillus,,Geobacillus.json,,Geobacillus,genus
,,Obligate aerobe,Saccharolytic,Positive,,,,,,,,,Bacteria,Actinobacteria,Actinobacteria,Corynebacteriales,Gordoniaceae,Gordonia,,Gordonia.json,,Gordonia,genus
"Gordonibacter pamelaeae 7-10-1-bT, DSM 19378",Gordonibacter pamelaeae 7-10-1-b (657308.3),Nanaerobe,"Few carbon sources used, fermentation capabilities undescribed",Positive,Commensal,622.0,958.0,795.0,Ines Thiele,04/20/12,471189.0,Kbase,Bacteria,Actinobacteria,Coriobacteriia,Eggerthellales,Eggerthellaceae,Gordonibacter,Gordonibacter pamelaeae,Gordonibacter.json,,Gordonibacter,genus
,,Facultative anaerobe,"Saccharolytic, fermentative",Positive,Commensal,,,,Laura Kutt,,,,Bacteria,Firmicutes,Bacilli,Lactobacillales,Carnobacteriaceae,Granulicatella,,Granulicatella.json,,Granulicatella,genus
Grimontia hollisae CIP 101886,Grimontia hollisae CIP 101886 (675812.3),Facultative anaerobe,"Fermentative, respiratory",Negative,,950.0,1492.0,1093.0,Laura Kutt,04/19/16,675812.0,ModelSEED,Bacteria,Proteobacteria,Gammaproteobacteria,Vibrionales,Vibrionaceae,Grimontia,Grimontia hollisae,Grimontia.json,kb|g.2925,Grimontia,genus
,,,,Negative,Commensal,,,,Laura Kutt,,,ModelSEED,Bacteria,Proteobacteria,Gammaproteobacteria,Pasteurellales,Pasteurellaceae,Haemophilus,,Haemophilus.json,,Haemophilus,genus
Hafnia alvei ATCC 51873,Hafnia alvei ATCC 51873 (1002364.3),Facultative anaerobe,"Fermentative, respiratory",Negative,Opportunistic pathogen,1329.0,2400.0,1545.0,Laura Kutt,05/30/16,1002364.0,ModelSEED,Bacteria,Proteobacteria,Gammaproteobacteria,Enterobacterales,Hafniaceae,Hafnia,Hafnia alvei,Hafnia.json,kb|g.23113,Hafnia,genus
Halococcus morrhuae DSM1307,,Aerobe,Saccharolytic,Negative,,646.0,1131.0,958.0,Laura Kutt,04/19/16,931277.0,Kbase,Archaea,Euryarchaeota,Halobacteria,Halobacteriales,Halococcaceae,Halococcus,Halococcus morrhuae,Halococcus.json,kb|g.224181,Halococcus,genus
,,Microaerophile,,Negative,Opportunistic pathogen,,,,,,,,Bacteria,Proteobacteria,Epsilonproteobacteria,Campylobacterales,Helicobacteraceae,Helicobacter,,Helicobacter.json,,Helicobacter,genus
Eubacterium biforme DSM 3989,Eubacterium biforme DSM 3989 (518637.5),Obligate anaerobe,"Saccharolytic, fermentative",Positive,Commensal,547.0,1585.0,1100.0,Ines Thiele,09/06/12,518637.0,Kbase,Bacteria,Firmicutes,Erysipelotrichia,Erysipelotrichales,Erysipelotrichaceae,Holdemanella,Holdemanella biformis,Holdemanella.json,,Holdemanella,genus
"Holdemania filiformis VPI J1-31B-1, DSM 12042",Holdemania filiformis DSM 12042 (545696.5),Obligate anaerobe,"Saccharolytic, fermentative",Positive,Commensal,721.0,1744.0,1113.0,Ines Thiele,09/06/12,61171.0,ModelSEED,Bacteria,Firmicutes,Erysipelotrichia,Erysipelotrichales,Erysipelotrichaceae,Holdemania,Holdemania filiformis,Holdemania.json,,Holdemania,genus
Clostridium clariflavum DSM 19732,Clostridium clariflavum DSM 19732 (720554.3),,,,,758.0,1232.0,984.0,Laura Kutt,04/18/16,720554.0,ModelSEED,Bacteria,Firmicutes,Clostridia,Clostridiales,Hungateiclostridiaceae,Hungateiclostridium,Hungateiclostridium clariflavum,Hungateiclostridium.json,kb|g.27460,Hungateiclostridium,genus
,Clostridium hathewayi 12489931 (999412.4),Obligate anaerobe,"Saccharolytic, fermentative",Negative,,,,,Laura Kutt,,,,Bacteria,Firmicutes,Clostridia,Clostridiales,Clostridiaceae,Hungatella,Hungatella hathewayi,Hungatella.json,,Hungatella,genus
Clostridium bartlettii DSM 16795,Clostridium bartlettii DSM 16795 (445973.7),Obligate anaerobe,Ferments carbohydrates and amino acids,Positive,Commensal,682.0,1381.0,1023.0,Ines Thiele,04/20/12,445973.0,ModelSEED,Bacteria,Firmicutes,Clostridia,Clostridiales,Peptostreptococcaceae,Intestinibacter,Intestinibacter bartlettii,Intestinibacter.json,,Intestinibacter,genus
Kallipyga massiliensis ph2,,Obligate anaerobe,"Saccharolytic, fermentative",Positive,,425.0,1002.0,816.0,Laura Kutt,04/18/16,1118059.0,Kbase,Bacteria,Firmicutes,Tissierellia,unclassified Tissierellia order,unclassified Tissierellia family,Kallipyga,Kallipyga massiliensis,Kallipyga.json,kb|g.206992,Kallipyga,genus
Kandleria vitulina DSM 20405,,Obligate anaerobe,"Saccharolytic, fermentative",Positive,,587.0,1195.0,926.0,Laura Kutt,04/18/16,1410657.0,Kbase,Bacteria,Firmicutes,Erysipelotrichia,Erysipelotrichales,Erysipelotrichaceae,Kandleria,Kandleria vitulina,Kandleria.json,kb|g.241318,Kandleria,genus
Kingella oralis ATCC 51147,Kingella oralis ATCC 51147 (629741.3),Facultative anaerobe,"Saccharolytic, fermentative",Negative,Commensal,596.0,1106.0,899.0,Laura Kutt,04/18/16,629741.0,Kbase,Bacteria,Proteobacteria,Betaproteobacteria,Neisseriales,Neisseriaceae,Kingella,Kingella oralis,Kingella.json,kb|g.2656,Kingella,genus
,,Facultative anaerobe,,Negative,,,,,,,,,Bacteria,Proteobacteria,Gammaproteobacteria,Enterobacterales,Enterobacteriaceae,Klebsiella,,Klebsiella.json,,Klebsiella,genus
Kluyvera ascorbata  ATCC 33433,,Facultative anaerobe,"Fermentative, respiratory",Negative,,1241.0,1782.0,1227.0,Laura Kutt,04/18/16,1006000.0,Kbase,Bacteria,Proteobacteria,Gammaproteobacteria,Enterobacterales,Enterobacteriaceae,Kluyvera,Kluyvera ascorbata,Kluyvera.json,kb|g.241367,Kluyvera,genus
,,Obligate aerobe,,Positive,Commensal,,,,chenry,04/15/16,,,Bacteria,Actinobacteria,Actinobacteria,Micrococcales,Micrococcaceae,Kocuria,,Kocuria.json,,Kocuria,genus
Kurthia massiliensis  JC30,,Aerobe,"Saccharolytic, respiratory",Positive,,789.0,1444.0,1090.0,Laura Kutt,04/18/16,1033739.0,ModelSEED,Bacteria,Firmicutes,Bacilli,Bacillales,Planococcaceae,Kurthia,Kurthia massiliensis,Kurthia.json,kb|g.23348,Kurthia,genus
Kytococcus sedentarius DSM 20547,Kytococcus sedentarius DSM 20547 (478801.4),Obligate aerobe,Respiratory,Positive,Commensal,653.0,1198.0,945.0,chenry,04/15/16,478801.0,Kbase,Bacteria,Actinobacteria,Actinobacteria,Micrococcales,Dermacoccaceae,Kytococcus,Kytococcus sedentarius,Kytococcus.json,kb|g.1725,Kytococcus,genus
,,,,,Commensal,,,,,,,ModelSEED,Bacteria,Firmicutes,Clostridia,Clostridiales,Lachnospiraceae,Lachnoclostridium,,Lachnoclostridium.json,,Lachnoclostridium,genus
,Eubacterium eligens ATCC 27750 (515620.4),Obligate anaerobe,"Saccharolytic, fermentative",,Commensal,,,,Laura Kutt,,,Kbase,Bacteria,Firmicutes,Clostridia,Clostridiales,Lachnospiraceae,Lachnospira,,Lachnospira.json,,Lachnospira,genus
Clostridium indolis DSM 755,,Obligate anaerobe,"Saccharolytic, fermentative",Positive,,1476.0,1430.0,1090.0,Laura Kutt,04/18/16,1304881.0,ModelSEED,Bacteria,Firmicutes,Clostridia,Clostridiales,Lachnospiraceae,Lacrimispora,Lacrimispora indolis,Lacrimispora.json,kb|g.209340,Lacrimispora,genus
,,Facultative anaerobe,"Saccharolytic, respiratory or fermentative",Positive,Probiotic,,,,,,,,Bacteria,Firmicutes,Bacilli,Lactobacillales,Lactobacillaceae,Lacticaseibacillus,,Lacticaseibacillus.json,,Lacticaseibacillus,genus
,,Facultative anaerobe,,Positive,,,,,,,,Kbase,Bacteria,Firmicutes,Bacilli,Lactobacillales,Lactobacillaceae,Lactiplantibacillus,,Lactiplantibacillus.json,kb|g.24585,Lactiplantibacillus,genus
,,Facultative anaerobe,,Positive,,,,,,,,,Bacteria,Firmicutes,Bacilli,Lactobacillales,Lactobacillaceae,Lactobacillus,,Lactobacillus.json,,Lactobacillus,genus
,,Facultative anaerobe,"Saccharolytic, respiratory or fermentative",Positive,Pathogen,,,,Laura Kutt,04/18/16,,Kbase,Bacteria,Firmicutes,Bacilli,Lactobacillales,Streptococcaceae,Lactococcus,,Lactococcus.json,,Lactococcus,genus
,,Obligate anaerobe,"Saccharolytic, fermentative",Positive,Opportunistic pathogen,,,,chenry,04/15/16,,Kbase,Bacteria,Actinobacteria,Coriobacteriia,Coriobacteriales,Atopobiaceae,Lancefieldella,,Lancefieldella.json,,Lancefieldella,genus
Laribacter hongkongensis HLHK9,Laribacter hongkongensis HLHK9 (557598.3),Facultative anaerobe,"Asaccharolytic, nonfermentative",Negative,Pathogen,751.0,1266.0,987.0,Eugen Bauer,08/03/14,557598.0,Kbase,Bacteria,Proteobacteria,Betaproteobacteria,Neisseriales,Chromobacteriaceae,Laribacter,Laribacter hongkongensis,Laribacter.json,,Laribacter,genus
,,Facultative anaerobe,,Positive,,,,,,,,,Bacteria,Firmicutes,Bacilli,Lactobacillales,Lactobacillaceae,Latilactobacillus,,Latilactobacillus.json,kb|g.23895,Latilactobacillus,genus
Lautropia mirabilis ATCC 51599,Lautropia mirabilis ATCC 51599 (887898.3),Facultative anaerobe,"Non-fermentative, asaccharolytic",Negative,,784.0,1297.0,1025.0,Laura Kutt,04/18/16,887898.0,Kbase,Bacteria,Proteobacteria,Betaproteobacteria,Burkholderiales,Burkholderiaceae,Lautropia,Lautropia mirabilis,Lautropia.json,kb|g.3587,Lautropia,genus
Leminorella grimontii ATCC 33999 = DSM 5078,,Facultative anaerobe,Fermentative,Negative,,947.0,1453.0,1092.0,Laura Kutt,04/18/16,1005999.0,Kbase,Bacteria,Proteobacteria,Gammaproteobacteria,Enterobacterales,Budviciaceae,Leminorella,Leminorella grimontii,Leminorella.json,kb|g.206563,Leminorella,genus
,,Facultative anaerobe,"Saccharolytic, respiratory or fermentative",Positive,Commensal,,,,Ines Thiele,09/06/12,,,Bacteria,Firmicutes,Bacilli,Lactobacillales,Lactobacillaceae,Lentilactobacillus,,Lentilactobacillus.json,,Lentilactobacillus,genus
Leptotrichia buccalis C-1013-b,Leptotrichia buccalis C-1013-b (523794.5),Facultative anaerobe,"Saccharolytic, fermentative",Negative,,655.0,1251.0,959.0,Laura Kutt,04/18/16,523794.0,Kbase,Bacteria,Fusobacteria,Fusobacteriia,Fusobacteriales,Leptotrichiaceae,Leptotrichia,Leptotrichia buccalis,Leptotrichia.json,kb|g.1972,Leptotrichia,genus
,,Facultative anaerobe,,Positive,,,,,,,,Kbase,Bacteria,Firmicutes,Bacilli,Lactobacillales,Leuconostocaceae,Leuconostoc,,Leuconostoc.json,,Leuconostoc,genus
,,Facultative anaerobe,"Saccharolytic, respiratory or fermentative",Positive,Probiotic,,,,Ines Thiele,,,Kbase,Bacteria,Firmicutes,Bacilli,Lactobacillales,Lactobacillaceae,Levilactobacillus,Levilactobacillus brevis,Levilactobacillus.json,,Levilactobacillus,genus
,,Facultative anaerobe,,Positive,,,,,,,,Kbase,Bacteria,Firmicutes,Bacilli,Lactobacillales,Lactobacillaceae,Ligilactobacillus,,Ligilactobacillus.json,kb|g.3735,Ligilactobacillus,genus
,,Facultative anaerobe,,Positive,,,,,,,,,Bacteria,Firmicutes,Bacilli,Lactobacillales,Lactobacillaceae,Limosilactobacillus,,Limosilactobacillus.json,,Limosilactobacillus,genus
,,Facultative anaerobe,"Saccharolytic, respiratory or fermentative",Positive,,,,,,,,,Bacteria,Firmicutes,Bacilli,Bacillales,Listeriaceae,Listeria,,Listeria.json,,Listeria,genus
Lactobacillus coryniformis subsp. coryniformis CECT 5711,,Facultative anaerobe,"Saccharolytic, fermentative or respiratory",Positive,,788.0,1255.0,975.0,Laura Kutt,04/18/16,1185325.0,ModelSEED,Bacteria,Firmicutes,Bacilli,Lactobacillales,Lactobacillaceae,Loigolactobacillus,Lactobacillus coryniformis,Loigolactobacillus.json,kb|g.25201,Loigolactobacillus,genus
Salmonella enterica enterica sv Typhimurium LT2,Salmonella enterica subsp. enterica serovar Typhimurium str. (946034.3),Facultative anaerobe,"Fermentative or respiratory, variety of carbon sources used",Negative,Pathogen,1241.0,2361.0,1474.0,Ines Thiele,08/07/12,1457319.0,Kbase,Eukaryota,Ascomycota,Sordariomycetes,Xylariales,Xylariaceae,Lopadostoma,Lopadostoma turgidum,Lopadostoma.json,,Lopadostoma,genus
,,,,,,,,,Laura Kutt,,,Kbase,Bacteria,Firmicutes,Bacilli,Bacillales,Bacillaceae,Lysinibacillus,,Lysinibacillus.json,,Lysinibacillus,genus
"Marvinbryantia formatexigens I-52, DSM 14469",Bryantella formatexigens DSM 14469 (478749.5),Obligate anaerobe,"Saccharolytic, fermentative, hydrogen used as energy source",Positive,Commensal,798.0,1996.0,1258.0,Ines Thiele,04/20/12,168384.0,Kbase,Bacteria,Firmicutes,Clostridia,Clostridiales,Lachnospiraceae,Marvinbryantia,Marvinbryantia formatexigens,Marvinbryantia.json,,Marvinbryantia,genus
,,Obligate anaerobe,"Saccharolytic, fermentative",Positive,Commensal,,,,Ines Thiele,,,Kbase,Bacteria,Firmicutes,Clostridia,Clostridiales,Lachnospiraceae,Mediterraneibacter,,Mediterraneibacter.json,,Mediterraneibacter,genus
,,Obligate anaerobe,"Saccharolytic, fermentative",Negative,,,,,,,,,Bacteria,Firmicutes,Negativicutes,Selenomonadales,Selenomonadaceae,Megamonas,,Megamonas.json,kb|g.27486,Megamonas,genus
Megasphaera elsdenii DSM 20460,,Obligate anaerobe,"Saccharolytic, fermentative, lactate fermented to propionate",Negative,Commensal,649.0,1206.0,947.0,chenry,09/10/14,1064535.0,ModelSEED,Bacteria,Firmicutes,Negativicutes,Veillonellales,Veillonellaceae,Megasphaera,Megasphaera elsdenii,Megasphaera.json,,Megasphaera,genus
Mesorhizobium loti MAFF303099,Mesorhizobium loti MAFF303099 (266835.9),Aerobe,Respiratory,Negative,,1440.0,1680.0,1212.0,,,266835.0,ModelSEED,Bacteria,Proteobacteria,Alphaproteobacteria,Rhizobiales,Phyllobacteriaceae,Mesorhizobium,Mesorhizobium japonicum,Mesorhizobium.json,kb|g.571,Mesorhizobium,genus
,,Obligate anaerobe,,Positive,,,,,,,,Kbase,Archaea,Euryarchaeota,Methanobacteria,Methanobacteriales,Methanobacteriaceae,Methanobrevibacter,,Methanobrevibacter.json,kb|g.224117,Methanobrevibacter,genus
Methanomassiliicoccus luminyensis B10,,Obligate anaerobe,Utilizes methanol,Positive,,493.0,1001.0,831.0,Laura Kutt,04/19/16,1175296.0,Kbase,Archaea,Euryarchaeota,Thermoplasmata,Methanomassiliicoccales,Methanomassiliicoccaceae,Methanomassiliicoccus,Methanomassiliicoccus luminyensis,Methanomassiliicoccus.json,kb|g.223963,Methanomassiliicoccus,genus
Methanosphaera stadtmanae DSM 3091,Methanosphaera stadtmanae DSM 3091 (339860.6),Obligate anaerobe,Uses methanol and hydrogen as energy sources and carbon dioxide and acetate as carbon sources,Positive,Commensal,329.0,823.0,716.0,chenry,09/10/14,339860.0,Kbase,Archaea,Euryarchaeota,Methanobacteria,Methanobacteriales,Methanobacteriaceae,Methanosphaera,Methanosphaera stadtmanae,Methanosphaera.json,,Methanosphaera,genus
,,Aerobe,Respiratory,Negative,,,,,Laura Kutt,04/18/16,,,Bacteria,Proteobacteria,Alphaproteobacteria,Rhizobiales,Methylobacteriaceae,Methylobacterium,,Methylobacterium.json,,Methylobacterium,genus
Methylobacterium populi BJ001,Methylobacterium populi BJ001 (441620.7),Aerobe,Respiratory,Negative,,1102.0,1601.0,1181.0,Laura Kutt,04/18/16,441620.0,ModelSEED,Bacteria,Proteobacteria,Alphaproteobacteria,Rhizobiales,Methylobacteriaceae,Methylorubrum,Methylorubrum populi,Methylorubrum.json,kb|g.1485,Methylorubrum,genus
,Methyloversatilis universalis FAM5 (1000565.3),Anaerobe,Fermentative,Negative,Pathogen,,,,Laura Kutt,,,,Bacteria,Proteobacteria,Betaproteobacteria,Nitrosomonadales,Sterolibacteriaceae,Methyloversatilis,Methyloversatilis universalis,Methyloversatilis.json,,Methyloversatilis,genus
,,,,Positive,,,,,chenry,04/15/16,,ModelSEED,Bacteria,Actinobacteria,Actinobacteria,Micrococcales,Microbacteriaceae,Microbacterium,,Microbacterium.json,,Microbacterium,genus
Micrococcus luteus NCTC 2665,Micrococcus luteus NCTC 2665 (465515.4),Obligate aerobe,"Saccharolytic, respiratory",Positive,Opportunistic pathogen,686.0,1194.0,951.0,chenry,04/15/16,465515.0,Kbase,Bacteria,Actinobacteria,Actinobacteria,Micrococcales,Micrococcaceae,Micrococcus,Micrococcus luteus,Micrococcus.json,kb|g.1629,Micrococcus,genus
Micromonospora aurantiaca ATCC 27029,Micromonospora aurantiaca ATCC 27029 (644283.3),Microaerophile,Saccharolytic,Positive,Pathogen,1188.0,1469.0,1101.0,chenry,04/15/16,644283.0,Kbase,Bacteria,Actinobacteria,Actinobacteria,Micromonosporales,Micromonosporaceae,Micromonospora,Micromonospora aurantiaca,Micromonospora.json,kb|g.2745,Micromonospora,genus
,,Obligate anaerobe,"Saccharolytic, fermentative",Negative,,,,,,,,Kbase,Bacteria,Firmicutes,Negativicutes,Selenomonadales,Selenomonadaceae,Mitsuokella,,Mitsuokella.json,kb|g.241944,Mitsuokella,genus
Mobiluncus curtisii ATCC 43063,Mobiluncus curtisii ATCC 43063 (548479.6),Obligate anaerobe,"Saccharolytic, fermentative",Negative,Opportunistic pathogen,562.0,1088.0,862.0,chenry,04/15/16,548479.0,ModelSEED,Bacteria,Actinobacteria,Actinobacteria,Actinomycetales,Actinomycetaceae,Mobiluncus,Mobiluncus curtisii,Mobiluncus.json,kb|g.2215,Mobiluncus,genus
Mogibacterium timidum ATCC 33093,,Obligate anaerobe,Asaccharolytic,Positive,,419.0,955.0,800.0,,,1401079.0,ModelSEED,Bacteria,Firmicutes,Clostridia,Clostridiales,Clostridiales Family XIII. Incertae Sedis,Mogibacterium,Mogibacterium timidum,Mogibacterium.json,kb|g.212219,Mogibacterium,genus
Moraxella catarrhalis RH4,Moraxella catarrhalis RH4 (749219.3),Aerobe,Respiratory,Negative,,611.0,1175.0,950.0,Laura Kutt,04/18/16,749219.0,Kbase,Bacteria,Proteobacteria,Gammaproteobacteria,Pseudomonadales,Moraxellaceae,Moraxella,Moraxella catarrhalis,Moraxella.json,kb|g.3162,Moraxella,genus
Morganella morganii subsp. morganii KT,Morganella morganii subsp. morganii KT (1124991.3),Facultative anaerobe,"Fermentative, respiratory",Negative,,1070.0,1577.0,1132.0,Laura Kutt,04/18/16,1124991.0,Kbase,Bacteria,Proteobacteria,Gammaproteobacteria,Enterobacterales,Morganellaceae,Morganella,Morganella morganii,Morganella.json,kb|g.24411,Morganella,genus
Mycobacterium avium subsp. avium ATCC 25291,Mycobacterium avium subsp. avium ATCC 25291 (553481.3),Microaerophile,,Positive,Pathogen,1034.0,1459.0,1106.0,chenry,04/15/16,553481.0,Kbase,Bacteria,Actinobacteria,Actinobacteria,Corynebacteriales,Mycobacteriaceae,Mycobacterium,Mycobacterium avium,Mycobacterium.json,kb|g.2261,Mycobacterium,genus
Mycobacterium fortuitum subsp. fortuitum DSM 46621,Mycobacterium fortuitum subsp. fortuitum DSM 46621 (1214102.3),Microaerophile,,Positive,Opportunistic pathogen,1320.0,1521.0,1146.0,chenry,04/15/16,1214102.0,Kbase,Bacteria,Actinobacteria,Actinobacteria,Corynebacteriales,Mycobacteriaceae,Mycolicibacterium,Mycolicibacterium fortuitum,Mycolicibacterium.json,kb|g.25575,Mycolicibacterium,genus
,,Obligate anaerobe,,Negative due to the absence of a cell wall,Pathogen,,,,chenry,,,Kbase,Bacteria,Tenericutes,Mollicutes,Mycoplasmatales,Mycoplasmataceae,Mycoplasma,,Mycoplasma.json,,Mycoplasma,genus
,,,,Negative,,,,,Laura Kutt,04/18/16,,,Bacteria,Proteobacteria,Betaproteobacteria,Neisseriales,Neisseriaceae,Neisseria,,Neisseria.json,,Neisseria,genus
Nevskia ramosa DSM 11499,,Anaerobe,Fermentative,Negative,,898.0,1430.0,1099.0,Laura Kutt,04/19/16,1122603.0,ModelSEED,Bacteria,Proteobacteria,Gammaproteobacteria,Nevskiales,Sinobacteraceae,Nevskia,Nevskia ramosa,Nevskia.json,kb|g.207204,Nevskia,genus
Candidatus Nitrososphaera gargensis Ga9.2,,Aerobe,"Oxidation of ammonia, inorganic carbon",Uncharacterized,,434.0,1016.0,877.0,Laura Kutt,04/19/16,1237085.0,ModelSEED,Archaea,Thaumarchaeota,Nitrososphaeria,Nitrososphaerales,Nitrososphaeraceae,Nitrososphaera,Candidatus Nitrososphaera gargensis,Nitrososphaera.json,kb|g.238840,Nitrososphaera,genus
Oceanobacillus picturae strain S1,,Aerobe,"Respiratory, non fermentative",Positive,,922.0,1450.0,1093.0,Laura Kutt,04/19/16,333381.0,ModelSEED,Bacteria,Firmicutes,Bacilli,Bacillales,Bacillaceae,Oceanobacillus,Oceanobacillus sp. S1,Oceanobacillus.json,kb|g.242144,Oceanobacillus,genus
Ochrobactrum anthropi ATCC 49188,Ochrobactrum anthropi ATCC 49188 (439375.7),Facultative anaerobe,Fermentative,Negative,,1188.0,1566.0,1167.0,Laura Kutt,04/18/16,439375.0,ModelSEED,Bacteria,Proteobacteria,Alphaproteobacteria,Rhizobiales,Brucellaceae,Ochrobactrum,Ochrobactrum anthropi,Ochrobactrum.json,kb|g.1468,Ochrobactrum,genus
,,Obligate anaerobe,,Negative,Commensal,,,,,,,ModelSEED,Bacteria,Bacteroidetes,Bacteroidia,Bacteroidales,Odoribacteraceae,Odoribacter,,Odoribacter.json,kb|g.27487,Odoribacter,genus
,,Obligate anaerobe,"Saccharolytic, fermentative",Positive,,,,,chenry,04/15/16,,ModelSEED,Bacteria,Actinobacteria,Coriobacteriia,Coriobacteriales,Atopobiaceae,Olsenella,,Olsenella.json,,Olsenella,genus
Oribacterium sinus F0268,Oribacterium sinus F0268 (585501.3),Obligate anaerobe,"Saccharolytic, fermentative",Positive,,595.0,1164.0,896.0,Laura Kutt,04/18/16,585501.0,ModelSEED,Bacteria,Firmicutes,Clostridia,Clostridiales,Lachnospiraceae,Oribacterium,Oribacterium sinus,Oribacterium.json,kb|g.2530,Oribacterium,genus
,,Obligate anaerobe,"Asaccharolytic, uses oxalate as sole energy source",Negative,Probiotic,,,,Ines Thiele,06/25/12,,ModelSEED,Bacteria,Proteobacteria,Betaproteobacteria,Burkholderiales,Oxalobacteraceae,Oxalobacter,Oxalobacter formigenes,Oxalobacter.json,,Oxalobacter,genus
,,,,,,,,,Laura Kutt,04/18/16,,,Bacteria,Firmicutes,Bacilli,Bacillales,Paenibacillaceae,Paenibacillus,,Paenibacillus.json,,Paenibacillus,genus
Clostridium sordellii ATCC 9714,,Obligate anaerobe,"Saccharolytic, fermentative",Positive,,1303.0,1274.0,994.0,Laura Kutt,04/18/16,1292036.0,ModelSEED,Bacteria,Firmicutes,Clostridia,Clostridiales,Peptostreptococcaceae,Paeniclostridium,Paeniclostridium sordellii,Paeniclostridium.json,kb|g.209151,Paeniclostridium,genus
Pantoea agglomerans IG1,Pantoea agglomerans IG1 (1110694.4),Facultative anaerobe,"fermentative, respiratory",Negative,,1229.0,1757.0,1207.0,,,1110694.0,Kbase,Bacteria,Proteobacteria,Gammaproteobacteria,Enterobacterales,Erwiniaceae,Pantoea,Pantoea agglomerans,Pantoea.json,kb|g.24285,Pantoea,genus
,,,"Saccharolytic, fermentative",Negative,Commensal,,,,,,,,Bacteria,Bacteroidetes,Bacteroidia,Bacteroidales,Tannerellaceae,Parabacteroides,,Parabacteroides.json,,Parabacteroides,genus
Paenibacillus graminis C4D1M,,Facultative anaerobe,"Saccharolytic, fermentative",Positive,,1534.0,1769.0,1241.0,Laura Kutt,04/18/16,396598.0,Kbase,Bacteria,Proteobacteria,Betaproteobacteria,Burkholderiales,Burkholderiaceae,Paraburkholderia,Paraburkholderia graminis,Paraburkholderia.json,kb|g.1267,Paraburkholderia,genus
Clostridium bifermentans ATCC 19299,,Obligate anaerobe,"Saccharolytic, fermentative, proteolytic",Positive,,767.0,1256.0,974.0,Laura Kutt,04/18/16,1233170.0,ModelSEED,Bacteria,Firmicutes,Clostridia,Clostridiales,Peptostreptococcaceae,Paraclostridium,Paraclostridium bifermentans,Paraclostridium.json,kb|g.208271,Paraclostridium,genus
Paracoccus yeei ATCC BAA-599,,Aerobe,Respiratory,Negative,Pathogen,1140.0,1525.0,1140.0,Laura Kutt,04/19/16,1446473.0,Kbase,Bacteria,Proteobacteria,Alphaproteobacteria,Rhodobacterales,Rhodobacteraceae,Paracoccus,Paracoccus yeei,Paracoccus.json,kb|g.242186,Paracoccus,genus
,,Obligate anaerobe,"Saccharolytic, fermentative",Negative,,,,,Laura Kutt,04/17/16,,Kbase,Bacteria,Bacteroidetes,Bacteroidia,Bacteroidales,Prevotellaceae,Paraprevotella,,Paraprevotella.json,,Paraprevotella,genus
Parasutterella excrementihominis YIT 11859,Parasutterella excrementihominis YIT 11859 (762966.3),Facultative anaerobe,"Fermentative, respiratory",Negative,,651.0,1080.0,912.0,Laura Kutt,04/19/16,762966.0,ModelSEED,Bacteria,Proteobacteria,Betaproteobacteria,Burkholderiales,Sutterellaceae,Parasutterella,Parasutterella excrementihominis,Parasutterella.json,kb|g.3277,Parasutterella,genus
Parvimonas micra ATCC 33270,Parvimonas micra ATCC 33270 (411465.10),Obligate anaerobe,"Asaccharolytic, proteolytic, fermentative",Positive,Commensal,375.0,726.0,636.0,Ines Thiele,06/25/12,411465.0,ModelSEED,Bacteria,Firmicutes,Tissierellia,Tissierellales,Peptoniphilaceae,Parvimonas,Parvimonas micra,Parvimonas.json,,Parvimonas,genus
,,,,Positive,Commensal,,,,,,,ModelSEED,Bacteria,Firmicutes,Bacilli,Lactobacillales,Lactobacillaceae,Pediococcus,,Pediococcus.json,,Pediococcus,genus
Clostridium hiranonis TO-931 DSM 13275,Clostridium hiranonis DSM 13275 (500633.7),Obligate anaerobe,"Saccharolytic, fermentative",Positive,Commensal,574.0,1258.0,1011.0,Ines Thiele,08/06/12,89152.0,Kbase,Bacteria,Firmicutes,Clostridia,Clostridiales,Peptostreptococcaceae,Peptacetobacter,Peptacetobacter hiranonis,Peptacetobacter.json,,Peptacetobacter,genus
,,Obligate anaerobe,,Positive,,,,,Laura Kutt,04/18/16,,,Bacteria,Firmicutes,Tissierellia,Tissierellales,Peptoniphilaceae,Peptoniphilus,,Peptoniphilus.json,,Peptoniphilus,genus
,,Obligate anaerobe,"Saccharolytic, fermentative",Positive,,,,,Laura Kutt,04/18/16,,,Bacteria,Firmicutes,Clostridia,Clostridiales,Peptostreptococcaceae,Peptostreptococcus,,Peptostreptococcus.json,,Peptostreptococcus,genus
Phascolarctobacterium succinatutens YIT 12067,Phascolarctobacterium sp. YIT 12067 (626939.3),Obligate anaerobe,"Asaccharolytic, ferments only succinate",Negative,Commensal,560.0,1019.0,833.0,Ines Thiele,06/29/12,626939.0,ModelSEED,Bacteria,Firmicutes,Negativicutes,Acidaminococcales,Acidaminococcaceae,Phascolarctobacterium,Phascolarctobacterium succinatutens,Phascolarctobacterium.json,,Phascolarctobacterium,genus
,,,"Saccharolytic, fermentative",Negative,Commensal,,,,,,,,Bacteria,Bacteroidetes,Bacteroidia,Bacteroidales,unclassified Bacteroidales family,Phocaeicola,,Phocaeicola.json,,Phocaeicola,genus
Plesiomonas shigelloides 302-73,Plesiomonas shigelloides 302-73 (1315976.3),Aerobe,Respiratory,Negative,,981.0,1558.0,1123.0,Laura Kutt,04/18/16,1315976.0,ModelSEED,Bacteria,Proteobacteria,Gammaproteobacteria,Enterobacterales,unclassified Enterobacterales family,Plesiomonas,Plesiomonas shigelloides,Plesiomonas.json,kb|g.31988,Plesiomonas,genus
,,Obligate anaerobe,,Negative,,,,,,,,,Bacteria,Bacteroidetes,Bacteroidia,Bacteroidales,Porphyromonadaceae,Porphyromonas,,Porphyromonas.json,,Porphyromonas,genus
,,Nanaerobe,,Negative,,,,,,,,,Bacteria,Bacteroidetes,Bacteroidia,Bacteroidales,Prevotellaceae,Prevotella,,Prevotella.json,,Prevotella,genus
Propionibacterium freudenreichii subsp. shermanii CIRM-BIA1,Propionibacterium freudenreichii subsp. shermanii CIRM-BIA1 (754252.3),Aerotolerant,"Saccharolytic, fermentative",Positive,Probiotic,638.0,1180.0,931.0,chenry,09/10/14,754252.0,Kbase,Bacteria,Actinobacteria,Actinobacteria,Propionibacteriales,Propionibacteriaceae,Propionibacterium,Propionibacterium freudenreichii,Propionibacterium.json,kb|g.3231,Propionibacterium,genus
,Proteus mirabilis ATCC 29906 (525369.4),Facultative anaerobe,,Negative,,,,,,,,ModelSEED,Bacteria,Proteobacteria,Gammaproteobacteria,Enterobacterales,Morganellaceae,Proteus,,Proteus.json,,Proteus,genus
,,Facultative anaerobe,"Fermentative or respiratory, various carbohydrates and amino acids used",Negative,Pathogen,,,,Ines Thiele,06/25/12,,,Bacteria,Proteobacteria,Gammaproteobacteria,Enterobacterales,Morganellaceae,Providencia,,Providencia.json,,Providencia,genus
Pseudobutyrivibrio ruminis AD2017,,Obligate anaerobe,"Saccharolytic, fermentative",Negative,,622.0,1176.0,941.0,Laura Kutt,04/18/16,1280694.0,Kbase,Bacteria,Firmicutes,Clostridia,Clostridiales,Lachnospiraceae,Pseudobutyrivibrio,Pseudobutyrivibrio ruminis,Pseudobutyrivibrio.json,kb|g.208698,Pseudobutyrivibrio,genus
Pseudoflavonifractor capillosus strain ATCC 29799,Bacteroides capillosus ATCC 29799 (411467.6),Obligate anaerobe,"Asaccharolytic, some carbohydrates may be weakly fermented",Negative,Commensal,679.0,1638.0,1193.0,Ines Thiele,04/20/12,411467.0,Kbase,Bacteria,Firmicutes,Clostridia,Clostridiales,Ruminococcaceae,Pseudoflavonifractor,Pseudoflavonifractor capillosus,Pseudoflavonifractor.json,,Pseudoflavonifractor,genus
,,Aerobe,,Negative,Opportunistic pathogen,,,,,,,,Bacteria,Proteobacteria,Gammaproteobacteria,Pseudomonadales,Pseudomonadaceae,Pseudomonas,,Pseudomonas.json,,Pseudomonas,genus
Pseudoramibacter alactolyticus ATCC 23263,Pseudoramibacter alactolyticus ATCC 23263 (887929.3),Obligate anaerobe,"Saccharolytic, fermentative",Positive,,731.0,1117.0,924.0,Laura Kutt,04/18/16,887929.0,Kbase,Bacteria,Firmicutes,Clostridia,Clostridiales,Eubacteriaceae,Pseudoramibacter,Pseudoramibacter alactolyticus,Pseudoramibacter.json,kb|g.3589,Pseudoramibacter,genus
Pyramidobacter piscolens W5455,Pyramidobacter piscolens W5455 (352165.3),Obligate anaerobe,"Asaccharolytic, fermentative",Negative,,693.0,1164.0,931.0,Laura Kutt,04/19/16,352165.0,Kbase,Bacteria,Synergistetes,Synergistia,Synergistales,Synergistaceae,Pyramidobacter,Pyramidobacter piscolens,Pyramidobacter.json,kb|g.1034,Pyramidobacter,genus
Ralstonia sp. 5_7_47FAA,Ralstonia sp. 5_7_47FAA (658664.3),Aerobe,"Strictly aerobic, respiratory",Negative,Commensal,1137.0,1485.0,1065.0,Ines Thiele,06/29/12,658664.0,ModelSEED,Bacteria,Proteobacteria,Betaproteobacteria,Burkholderiales,Burkholderiaceae,Ralstonia,Ralstonia pickettii,Ralstonia.json,,Ralstonia,genus
Raoultella planticola ATCC 33531,,Facultative anaerobe,"Fermentative, respiratory",Negative,,1483.0,1918.0,1279.0,Laura Kutt,04/18/16,1005996.0,ModelSEED,Bacteria,Proteobacteria,Gammaproteobacteria,Enterobacterales,Enterobacteriaceae,Raoultella,Raoultella planticola,Raoultella.json,kb|g.242501,Raoultella,genus
,,Aerobe,Saccharolytic,Positive,,,,,,,,,Bacteria,Actinobacteria,Actinobacteria,Corynebacteriales,Nocardiaceae,Rhodococcus,,Rhodococcus.json,,Rhodococcus,genus
,,Obligate anaerobe,"Saccharolytic, fermentative, acetate converted to butyrate",Negative,Commensal,,,,,,,ModelSEED,Bacteria,Firmicutes,Clostridia,Clostridiales,Lachnospiraceae,Roseburia,,Roseburia.json,kb|g.26995,Roseburia,genus
Roseomonas mucosa ATCC BAA-692,,Facultative anaerobe,"Saccharolytic, non-fermentative",Negative,,1213.0,1572.0,1188.0,Laura Kutt,04/18/16,1448136.0,ModelSEED,Bacteria,Proteobacteria,Alphaproteobacteria,Rhodospirillales,Acetobacteraceae,Roseomonas,Roseomonas mucosa,Roseomonas.json,kb|g.242544,Roseomonas,genus
,,,,Positive,,,,,chenry,04/15/16,,Kbase,Bacteria,Actinobacteria,Actinobacteria,Micrococcales,Micrococcaceae,Rothia,,Rothia.json,,Rothia,genus
Rudanella lutea DSM 19387,Rudanella lutea DSM 19387 (1089547.3),Aerobe,"Respiratory, non fermentative",Negative,,960.0,1341.0,1106.0,,,1089547.0,Kbase,Bacteria,Bacteroidetes,Cytophagia,Cytophagales,Cytophagaceae,Rudanella,Rudanella lutea,Rudanella.json,kb|g.29244,Rudanella,genus
Clostridium cellobioparum DSM 1351 = ATCC 15832,,,,Negative,,1047.0,1360.0,1048.0,Laura Kutt,04/18/16,1121303.0,ModelSEED,Bacteria,Firmicutes,Clostridia,Clostridiales,Hungateiclostridiaceae,Ruminiclostridium,Ruminiclostridium cellobioparum,Ruminiclostridium.json,kb|g.240320,Ruminiclostridium,genus
,,Obligate anaerobe,"Saccharolytic, fermentative",,,,,,,,,,Bacteria,Firmicutes,Clostridia,Clostridiales,Ruminococcaceae,Ruminococcus,,Ruminococcus.json,,Ruminococcus,genus
Sulfolobus solfataricus P2,Sulfolobus solfataricus P2 (273057.1),Aerobe,"Saccharolytic, or requires sulphur",Negative,,529.0,1070.0,861.0,Laura Kutt,04/19/16,273057.0,Kbase,Archaea,Crenarchaeota,Thermoprotei,Sulfolobales,Sulfolobaceae,Saccharolobus,Saccharolobus solfataricus,Saccharolobus.json,kb|g.637,Saccharolobus,genus
Scardovia inopinata F0304,Scardovia inopinata F0304 (641146.3),Obligate anaerobe,"Saccharolytic, fermentative",Positive,Commensal,455.0,1051.0,847.0,chenry,04/15/16,641146.0,Kbase,Bacteria,Actinobacteria,Actinobacteria,Bifidobacteriales,Bifidobacteriaceae,Scardovia,Scardovia inopinata,Scardovia.json,kb|g.2728,Scardovia,genus
,,,"Saccharolytic, fermentative",Positive,,,,,,,,,Bacteria,Actinobacteria,Actinobacteria,Actinomycetales,Actinomycetaceae,Schaalia,,Schaalia.json,,Schaalia,genus
Schlesneria paludicola DSM 18645,Schlesneria paludicola DSM 18645 (1123242.3),Facultative anaerobe,"Saccharolytic, fermentative",Negative,,971.0,1440.0,1113.0,,,1123242.0,Kbase,Bacteria,Planctomycetes,Planctomycetia,Planctomycetales,Planctomycetaceae,Schlesneria,Schlesneria paludicola,Schlesneria.json,kb|g.24393,Schlesneria,genus
Selenomonas ruminantium AC2024,,Obligate anaerobe,"Saccharolytic, fermentative",Negative,,699.0,1260.0,940.0,Laura Kutt,04/18/16,1392501.0,Kbase,Bacteria,Firmicutes,Negativicutes,Selenomonadales,Selenomonadaceae,Selenomonas,Selenomonas ruminantium,Selenomonas.json,kb|g.242786,Selenomonas,genus
,,Facultative anaerobe,,Negative,,,,,Laura Kutt,04/18/16,,Kbase,Bacteria,Proteobacteria,Gammaproteobacteria,Enterobacterales,Yersiniaceae,Serratia,,Serratia.json,,Serratia,genus
,,Facultative anaerobe,"fermentative, respiratory",Negative,,,,,,,,Kbase,Bacteria,Proteobacteria,Gammaproteobacteria,Enterobacterales,Enterobacteriaceae,Shigella,,Shigella.json,,Shigella,genus
Silanimonas lenta DSM 16282,,Aerobe,Saccharolytic,Negative,Pathogen,613.0,1218.0,1011.0,Laura Kutt,04/19/16,1123253.0,Kbase,Bacteria,Proteobacteria,Gammaproteobacteria,Xanthomonadales,Xanthomonadaceae,Silanimonas,Silanimonas lenta,Silanimonas.json,kb|g.207277,Silanimonas,genus
,,Obligate anaerobe,"Asaccharolytic, nonfermentative",Positive,,,,,chenry,04/15/16,,,Bacteria,Actinobacteria,Coriobacteriia,Eggerthellales,Eggerthellaceae,Slackia,,Slackia.json,,Slackia,genus
,,Obligate anaerobe,"Saccharolytic, fermentative",Positive,,,,,Laura Kutt,,,ModelSEED,Bacteria,Firmicutes,Erysipelotrichia,Erysipelotrichales,Erysipelotrichaceae,Solobacterium,Solobacterium moorei,Solobacterium.json,,Solobacterium,genus
Sphingomonas paucimobilis HER1398,,Anaerobe,Asaccharolytic,Negative,,755.0,1281.0,1045.0,,,1346330.0,ModelSEED,Bacteria,Bacteroidetes,Sphingobacteriia,Sphingobacteriales,Sphingobacteriaceae,Sphingobacterium,Sphingobacterium paucimobilis,Sphingobacterium.json,kb|g.210585,Sphingobacterium,genus
Spirosoma linguale DSM 74,Spirosoma linguale DSM 74 (504472.7),Aerobe,Saccharolytic,Negative,,1048.0,1475.0,1152.0,,,504472.0,ModelSEED,Bacteria,Bacteroidetes,Cytophagia,Cytophagales,Cytophagaceae,Spirosoma,Spirosoma linguale,Spirosoma.json,kb|g.1845,Spirosoma,genus
,,Facultative anaerobe,"Saccharolytic, respiratory or fermentative",Positive,,,,,Laura Kutt,,,,Bacteria,Firmicutes,Bacilli,Bacillales,Staphylococcaceae,Staphylococcus,,Staphylococcus.json,,Staphylococcus,genus
,Stenotrophomonas maltophilia D457 (1163399.5),Obligate anaerobe,Asaccharolytic,Negative,,,,,Laura Kutt,04/19/16,,Kbase,Bacteria,Proteobacteria,Gammaproteobacteria,Xanthomonadales,Xanthomonadaceae,Stenotrophomonas,,Stenotrophomonas.json,,Stenotrophomonas,genus
,,,"Saccharolytic, respiratory or fermentative",Positive,,,,,,,,,Bacteria,Firmicutes,Bacilli,Lactobacillales,Streptococcaceae,Streptococcus,,Streptococcus.json,,Streptococcus,genus
Subdoligranulum variabile DSM 15176,Subdoligranulum variabile DSM 15176 (411471.5),Obligate anaerobe,"Saccharolytic, fermentative",Negative,Commensal,1313.0,1057.0,846.0,Ines Thiele,06/25/12,411471.0,ModelSEED,Bacteria,Firmicutes,Clostridia,Clostridiales,Ruminococcaceae,Subdoligranulum,Subdoligranulum variabile,Subdoligranulum.json,,Subdoligranulum,genus
Succinatimonas hippei YIT 12066,Succinatimonas hippei YIT 12066 (762983.3),Obligate anaerobe,"Saccharolytic, fermentative",Negative,Commensal,622.0,1047.0,850.0,Ines Thiele,06/29/12,762983.0,Kbase,Bacteria,Proteobacteria,Gammaproteobacteria,Aeromonadales,Succinivibrionaceae,Succinatimonas,Succinatimonas hippei,Succinatimonas.json,,Succinatimonas,genus
Succinivibrio dextrinosolvens H5,,Facultative anaerobe,"Fermentative, respiratory",Negative,Pathogen,643.0,1130.0,943.0,Laura Kutt,04/19/16,1410676.0,Kbase,Bacteria,Proteobacteria,Gammaproteobacteria,Aeromonadales,Succinivibrionaceae,Succinivibrio,Succinivibrio dextrinosolvens,Succinivibrio.json,kb|g.244674,Succinivibrio,genus
,,,,Negative,,,,,,,,Kbase,Bacteria,Proteobacteria,Betaproteobacteria,Burkholderiales,Sutterellaceae,Sutterella,,Sutterella.json,kb|g.27712,Sutterella,genus
Tannerella forsythia ATCC 43037,Tannerella forsythia ATCC 43037 (203275.8),Obligate anaerobe,Asaccharolytic,Negative,,585.0,1053.0,864.0,chenry,04/15/16,28112.0,Kbase,Bacteria,Bacteroidetes,Bacteroidia,Bacteroidales,Tannerellaceae,Tannerella,Tannerella forsythia,Tannerella.json,kb|g.26084,Tannerella,genus
Tatumella ptyseos ATCC 33301,,Facultative anaerobe,"Fermentative, respiratory",Negative,,876.0,1538.0,1106.0,Laura Kutt,04/18/16,1005995.0,ModelSEED,Bacteria,Proteobacteria,Gammaproteobacteria,Enterobacterales,Erwiniaceae,Tatumella,Tatumella ptyseos,Tatumella.json,kb|g.206562,Tatumella,genus
Clostridium glycolicum ATCC 14880 = DSM 1288,Clostridium glycolicum ATCC 14880 (1121315.3),Obligate anaerobe,"Saccharolytic, fermentative",Positive,,986.0,1329.0,1012.0,Laura Kutt,04/18/16,1121315.0,ModelSEED,Bacteria,Firmicutes,Clostridia,Clostridiales,Peptostreptococcaceae,Terrisporobacter,Terrisporobacter glycolicus,Terrisporobacter.json,kb|g.207085,Terrisporobacter,genus
Trabulsiella guamensis ATCC 49490,,Facultative anaerobe,"Fermentative, respiratory",Negative,,1130.0,1724.0,1176.0,Laura Kutt,04/18/16,1005994.0,ModelSEED,Bacteria,Proteobacteria,Gammaproteobacteria,Enterobacterales,Enterobacteriaceae,Trabulsiella,Trabulsiella guamensis,Trabulsiella.json,kb|g.244739,Trabulsiella,genus
Tropheryma whipplei str. Twist,Tropheryma whipplei str. Twist (203267.1),Facultative anaerobe,Fermentative,Positive,Opportunistic pathogen,356.0,845.0,718.0,chenry,04/15/16,203267.0,ModelSEED,Bacteria,Actinobacteria,Actinobacteria,Micrococcales,unclassified Micrococcales family,Tropheryma,Tropheryma whipplei,Tropheryma.json,kb|g.338,Tropheryma,genus
Trueperella pyogenes MS249,,Facultative anaerobe,"Saccharolytic, fermentative",Positive,Opportunistic pathogen,581.0,1202.0,916.0,chenry,04/15/16,1448141.0,ModelSEED,Bacteria,Actinobacteria,Actinobacteria,Actinomycetales,Actinomycetaceae,Trueperella,Trueperella pyogenes,Trueperella.json,kb|g.215043,Trueperella,genus
Clostridium nexile DSM 1787,Clostridium nexile DSM 1787 (500632.7),Obligate anaerobe,"Saccharolytic, fermentative",Positive,Commensal,646.0,2135.0,1210.0,Ines Thiele,04/20/12,500632.0,ModelSEED,Bacteria,Firmicutes,Clostridia,Clostridiales,Lachnospiraceae,Tyzzerella,Tyzzerella nexilis,Tyzzerella.json,,Tyzzerella,genus
,,Facultative anaerobe,Utilize urea,Positive,,,,518.0,Laura Kutt,04/19/16,,Kbase,Bacteria,Tenericutes,Mollicutes,Mycoplasmatales,Mycoplasmataceae,Ureaplasma,,Ureaplasma.json,,Ureaplasma,genus
Ureibacillus thermosphaericus str. Thermo-BF,Ureibacillus thermosphaericus str. Thermo-BF (1160707.3),Aerobe,"Uses esculine, urea and malate as carbon source",Negative,,864.0,1296.0,1035.0,Laura Kutt,04/18/16,1160707.0,ModelSEED,Bacteria,Firmicutes,Bacilli,Bacillales,Planococcaceae,Ureibacillus,Ureibacillus thermosphaericus,Ureibacillus.json,kb|g.24961,Ureibacillus,genus
Varibaculum cambriense DSM 15806,,Facultative anaerobe,"Saccharolytic, fermentative",Positive,Opportunistic pathogen,537.0,1011.0,832.0,chenry,04/15/16,1123488.0,ModelSEED,Bacteria,Actinobacteria,Actinobacteria,Actinomycetales,Actinomycetaceae,Varibaculum,Varibaculum cambriense,Varibaculum.json,kb|g.207318,Varibaculum,genus
,,Obligate anaerobe,,Negative,Commensal,,,,,,,,Bacteria,Firmicutes,Negativicutes,Veillonellales,Veillonellaceae,Veillonella,,Veillonella.json,,Veillonella,genus
,,,,,,,,,Laura Kutt,,,,Bacteria,Proteobacteria,Gammaproteobacteria,Vibrionales,Vibrionaceae,Vibrio,,Vibrio.json,,Vibrio,genus
,,Facultative anaerobe,,,,,,,,,,,Bacteria,Firmicutes,Bacilli,Lactobacillales,Leuconostocaceae,Weissella,,Weissella.json,,Weissella,genus
,,,,,,,,,Laura Kutt,,,Kbase,Bacteria,Proteobacteria,Gammaproteobacteria,Enterobacterales,Yersiniaceae,Yersinia,,Yersinia.json,,Yersinia,genus
Yokenella regensburgei ATCC 43003,Yokenella regensburgei ATCC 43003 (1002368.3),Facultative anaerobe,"Saccharolytic, fermentative or respiratory",Positive,,1338.0,2517.0,1587.0,Laura Kutt,04/18/16,1002368.0,Kbase,Bacteria,Proteobacteria,Gammaproteobacteria,Enterobacterales,Enterobacteriaceae,Yokenella,Yokenella regensburgei,Yokenella.json,kb|g.23117,Yokenella,genus
Melainabacterium MEL.A1,,Obligate anaerobe (inferred from sequence),"Saccharolytic, fermentative (inferred from sequence)",Negative (inferred from sequence),Commensal (inferred from sequence),406.0,904.0,726.0,Emilie Muller,05/11/13,,ModelSEED,unclassified  superkingdom,unclassified  phylum,unclassified  class,unclassified  order,unclassified  family,unclassified  genus,unclassified  species,unclassified__genus.json,,unclassified__genus,genus
Burkholderiales bacterium 1_1_47,Burkholderiales bacterium 1_1_47 (469610.4),Nanaerobe,Uncharacterized,Uncharacterized,Uncharacterized,577.0,951.0,797.0,Ines Thiele,06/29/12,469610.0,Kbase,Bacteria,Proteobacteria,Betaproteobacteria,Burkholderiales,unclassified Burkholderiales family,unclassified Burkholderiales genus,Burkholderiales bacterium 1_1_47,unclassified_Burkholderiales_genus.json,,unclassified_Burkholderiales_genus,genus
,,Obligate anaerobe,"Saccharolytic, fermentative",Positive,Commensal,,,,Laura Kutt,04/18/16,,Kbase,Bacteria,Firmicutes,Clostridia,Clostridiales,Clostridiales Family XIII. Incertae Sedis,unclassified Clostridiales Family XIII. Incertae Sedis genus,,unclassified_Clostridiales_Family_XIII__Incertae_Sedis_genus.json,,unclassified_Clostridiales_Family_XIII__Incertae_Sedis_genus,genus
,,Obligate anaerobe,,,,,,,Ines Thiele,,,,Bacteria,Firmicutes,Clostridia,Clostridiales,unclassified Clostridiales family,unclassified Clostridiales genus,,unclassified_Clostridiales_genus.json,,unclassified_Clostridiales_genus,genus
Enterobacteriaceae bacterium 9_2_54FAA,Enterobacteriaceae bacterium 9_2_54FAA (469613.3),Aerobe,Uncharacterized,Uncharacterized,Uncharacterized,1177.0,2209.0,1422.0,Ines Thiele,06/29/12,469613.0,ModelSEED,Bacteria,Proteobacteria,Gammaproteobacteria,Enterobacterales,Enterobacteriaceae,unclassified Enterobacteriaceae genus,Enterobacteriaceae bacterium 9_2_54FAA,unclassified_Enterobacteriaceae_genus.json,,unclassified_Enterobacteriaceae_genus,genus
,,Obligate anaerobe,Uncharacterized,Uncharacterized,Uncharacterized,,,,Ines Thiele,06/29/12,,ModelSEED,Bacteria,Firmicutes,Erysipelotrichia,Erysipelotrichales,Erysipelotrichaceae,unclassified Erysipelotrichaceae genus,,unclassified_Erysipelotrichaceae_genus.json,,unclassified_Erysipelotrichaceae_genus,genus
,,Obligate anaerobe,,,,,,,,,,Kbase,Bacteria,Firmicutes,Clostridia,Clostridiales,Lachnospiraceae,unclassified Lachnospiraceae genus,,unclassified_Lachnospiraceae_genus.json,,unclassified_Lachnospiraceae_genus,genus
,,,,,,,,,,,,,Bacteria,Firmicutes,Clostridia,Clostridiales,Ruminococcaceae,unclassified Ruminococcaceae genus,,unclassified_Ruminococcaceae_genus.json,,unclassified_Ruminococcaceae_genus,genus
